<?xml version="1.0" encoding="UTF-8" standalone="yes"?>
<addon id="repository.salondigital.helix" name="Repositorio oficial de SalonDigital - Helix" version="1.0.1" provider-name="Tocinillo">
	<extension point="xbmc.addon.repository" name="Repositorio oficial de SalonDigital">
		<info compressed="false">https://raw.githubusercontent.com/salondigital/salondigital/master/addons.xml</info>
		<checksum>https://raw.githubusercontent.com/salondigital/salondigital/master/addons.xml.md5</checksum>
		<datadir zip="true">https://github.com/salondigital/salondigital/tree/master/</datadir>
	</extension>
	<extension point="xbmc.addon.metadata">
		<summary>Repositorio oficial de SalonDigital, descarga e instala actualizaciones de forma automática</summary>
		<description>Repositorio oficial de SalonDigital, descarga e instala actualizaciones de forma automática</description>
		<disclaimer></disclaimer>
		<platform>all</platform>
	</extension>
</addon>
