<?xml version="1.0" encoding="UTF-8" standalone="yes"?>
<addon id="plugin.program.salondigital"
    name="SalonDigital" version="1.2.2" provider-name="Tocinillo">
  <requires>
    <import addon="xbmc.python" version="1.0"/>
  </requires>
  <extension point="xbmc.python.pluginsource" library="default.py">
    <provides>executable</provides>
  </extension>
  <extension point="xbmc.addon.metadata">
    <summary lang="en">Plugin for get updates from www.salondigital.es</summary>
    <summary lang="es">Plugin para obtener automáticamente actualizaciones de www.salondigital.es</summary>
    <description lang="en">Versión BETA, los cambios pueden deshacerse.</description>
    <description lang="es">Versión BETA, los cambios pueden deshacerse.</description>
    <platform>all</platform>
  </extension>
</addon>
